{"epoch_33": {"loss": 255.94592601914263, "test_accuracy": 0.4, "weight_angles": {"layer_1": 4.9239956303646455, "layer_0": 29.63077697046198, "layer_3": 43.34927815435244, "layer_2": 20.991712886314282}, "delta_angles": {"layer_1": NaN, "layer_3": 74.04779994187273, "layer_2": NaN}}, "epoch_32": {"loss": 255.31273892798308, "test_accuracy": 0.4, "weight_angles": {"layer_1": 4.9266667015202055, "layer_0": 29.631193781242978, "layer_3": 44.283350598823326, "layer_2": 21.048264550968906}, "delta_angles": {"layer_1": NaN, "layer_3": 77.39865635175222, "layer_2": NaN}}, "epoch_9": {"loss": 219.40971189027513, "test_accuracy": 0.13, "weight_angles": {"layer_1": 5.172489346308144, "layer_0": 29.817747085434686, "layer_3": 67.04103320065954, "layer_2": 20.0044276870396}, "delta_angles": {"layer_1": NaN, "layer_3": 106.00911368816757, "layer_2": NaN}}, "epoch_8": {"loss": 217.89622027220406, "test_accuracy": 0.13, "weight_angles": {"layer_1": 5.216546215632443, "layer_0": 29.849181667944695, "layer_3": 69.35899839764366, "layer_2": 19.544847573766447}, "delta_angles": {"layer_1": NaN, "layer_3": 114.2028857246828, "layer_2": NaN}}, "epoch_39": {"loss": 258.58794167294474, "test_accuracy": 0.4, "weight_angles": {"layer_1": 4.9073438371279625, "layer_0": 29.620212180776686, "layer_3": 39.976124081101446, "layer_2": 20.744538300219645}, "delta_angles": {"layer_1": NaN, "layer_3": 68.07205418444632, "layer_2": NaN}}, "epoch_1": {"loss": 210.86259425624257, "test_accuracy": 0.29, "weight_angles": {"layer_1": 6.446442967787835, "layer_0": 31.03027589536893, "layer_3": 71.8590541842429, "layer_2": 13.722247681494807}, "delta_angles": {"layer_1": NaN, "layer_3": 106.54479040705576, "layer_2": NaN}}, "epoch_0": {"loss": 210.37914522317206, "test_accuracy": 0.29, "weight_angles": {"layer_1": 8.557259035288247, "layer_0": 33.05707423992445, "layer_3": 72.07499404380025, "layer_2": 12.821740478572117}, "delta_angles": {"layer_1": NaN, "layer_3": 85.82812713986968, "layer_2": NaN}}, "epoch_3": {"loss": 212.40194417963207, "test_accuracy": 0.13, "weight_angles": {"layer_1": 5.648110160627728, "layer_0": 30.228897823672238, "layer_3": 70.81195790456624, "layer_2": 16.348145567075964}, "delta_angles": {"layer_1": NaN, "layer_3": 121.36843011032597, "layer_2": NaN}}, "epoch_2": {"loss": 211.65254235893332, "test_accuracy": 0.13, "weight_angles": {"layer_1": 5.9339470767364055, "layer_0": 30.47377452558953, "layer_3": 72.66723375699102, "layer_2": 15.086803304527344}, "delta_angles": {"layer_1": NaN, "layer_3": 120.11311156035872, "layer_2": NaN}}, "epoch_5": {"loss": 214.31598610266738, "test_accuracy": 0.13, "weight_angles": {"layer_1": 5.42604312528454, "layer_0": 30.012730268335044, "layer_3": 70.5269502593523, "layer_2": 18.176570331380546}, "delta_angles": {"layer_1": NaN, "layer_3": 120.66625766666503, "layer_2": NaN}}, "epoch_4": {"loss": 213.32995477774728, "test_accuracy": 0.13, "weight_angles": {"layer_1": 5.47519551883193, "layer_0": 30.094172827484652, "layer_3": 72.20209993268011, "layer_2": 17.30134783033708}, "delta_angles": {"layer_1": NaN, "layer_3": 125.66193719594786, "layer_2": NaN}}, "epoch_7": {"loss": 216.59259474220352, "test_accuracy": 0.13, "weight_angles": {"layer_1": 5.253710989654168, "layer_0": 29.88830958909016, "layer_3": 67.77906615069472, "layer_2": 19.19818121351029}, "delta_angles": {"layer_1": NaN, "layer_3": 112.3045788815805, "layer_2": NaN}}, "epoch_6": {"loss": 215.34458026190555, "test_accuracy": 0.13, "weight_angles": {"layer_1": 5.327738218760196, "layer_0": 29.941540747454187, "layer_3": 68.79504490482431, "layer_2": 18.813834339067515}, "delta_angles": {"layer_1": NaN, "layer_3": 117.63722040986555, "layer_2": NaN}}, "epoch_15": {"loss": 233.07495095527193, "test_accuracy": 0.4, "weight_angles": {"layer_1": 5.025203657802426, "layer_0": 29.715423909195266, "layer_3": 58.570406788117275, "layer_2": 21.05268459215733}, "delta_angles": {"layer_1": NaN, "layer_3": 94.79955503429866, "layer_2": NaN}}, "epoch_14": {"loss": 230.2886766384673, "test_accuracy": 0.4, "weight_angles": {"layer_1": 5.027764071092708, "layer_0": 29.727821652888984, "layer_3": 60.07501494295652, "layer_2": 20.98338554445868}, "delta_angles": {"layer_1": NaN, "layer_3": 98.45167240734645, "layer_2": NaN}}, "epoch_17": {"loss": 238.5212358523336, "test_accuracy": 0.4, "weight_angles": {"layer_1": 5.000405547363722, "layer_0": 29.70260637734355, "layer_3": 56.68834817023162, "layer_2": 21.22646812607207}, "delta_angles": {"layer_1": NaN, "layer_3": 90.37309887879245, "layer_2": NaN}}, "epoch_16": {"loss": 236.2017555851754, "test_accuracy": 0.4, "weight_angles": {"layer_1": 5.009401288716211, "layer_0": 29.709694385646518, "layer_3": 57.41239517824683, "layer_2": 21.155270581801947}, "delta_angles": {"layer_1": NaN, "layer_3": 92.27048261968618, "layer_2": NaN}}, "epoch_11": {"loss": 223.30705378259648, "test_accuracy": 0.15, "weight_angles": {"layer_1": 5.07815943455921, "layer_0": 29.77252199988896, "layer_3": 65.29585559594395, "layer_2": 20.42860582719153}, "delta_angles": {"layer_1": NaN, "layer_3": 99.78348164174717, "layer_2": NaN}}, "epoch_10": {"loss": 221.3300570558064, "test_accuracy": 0.13, "weight_angles": {"layer_1": 5.116889716577705, "layer_0": 29.792373687289857, "layer_3": 66.09650337296415, "layer_2": 20.225391206977115}, "delta_angles": {"layer_1": NaN, "layer_3": 104.81647475071581, "layer_2": NaN}}, "epoch_13": {"loss": 227.68421648225035, "test_accuracy": 0.4, "weight_angles": {"layer_1": 5.043335447379217, "layer_0": 29.73832217274048, "layer_3": 61.56930606897457, "layer_2": 20.832831348805104}, "delta_angles": {"layer_1": NaN, "layer_3": 98.05088649176358, "layer_2": NaN}}, "epoch_12": {"loss": 225.407419212512, "test_accuracy": 0.4, "weight_angles": {"layer_1": 5.05978031538931, "layer_0": 29.752043265992636, "layer_3": 62.83621243303068, "layer_2": 20.596740165518682}, "delta_angles": {"layer_1": NaN, "layer_3": 95.39382570703073, "layer_2": NaN}}, "epoch_37": {"loss": 257.8339708133783, "test_accuracy": 0.4, "weight_angles": {"layer_1": 4.91300455074862, "layer_0": 29.625401010578866, "layer_3": 41.029317937971726, "layer_2": 20.842697389401202}, "delta_angles": {"layer_1": NaN, "layer_3": 70.53697155263313, "layer_2": NaN}}, "epoch_36": {"loss": 257.4453770299151, "test_accuracy": 0.4, "weight_angles": {"layer_1": 4.917148819335902, "layer_0": 29.625652098620105, "layer_3": 41.95203073788353, "layer_2": 20.90055538589463}, "delta_angles": {"layer_1": NaN, "layer_3": 70.12609717657959, "layer_2": NaN}}, "epoch_35": {"loss": 256.98242552457157, "test_accuracy": 0.4, "weight_angles": {"layer_1": 4.920802033272705, "layer_0": 29.62736736727837, "layer_3": 42.55544596567608, "layer_2": 20.898979272540625}, "delta_angles": {"layer_1": NaN, "layer_3": 71.74884930150748, "layer_2": NaN}}, "epoch_34": {"loss": 256.4755050578553, "test_accuracy": 0.4, "weight_angles": {"layer_1": 4.922581813449386, "layer_0": 29.62968126094037, "layer_3": 42.98836908859477, "layer_2": 20.93104212440549}, "delta_angles": {"layer_1": NaN, "layer_3": 72.30750686056702, "layer_2": NaN}}, "epoch_19": {"loss": 241.95422103592878, "test_accuracy": 0.34, "weight_angles": {"layer_1": 4.984651892060127, "layer_0": 29.68312700367341, "layer_3": 55.639513747628435, "layer_2": 21.30203381087413}, "delta_angles": {"layer_1": NaN, "layer_3": 83.28799702978596, "layer_2": NaN}}, "epoch_18": {"loss": 240.3767478155133, "test_accuracy": 0.4, "weight_angles": {"layer_1": 4.99594130857838, "layer_0": 29.693479231332667, "layer_3": 56.36534282635934, "layer_2": 21.293427226098235}, "delta_angles": {"layer_1": NaN, "layer_3": 87.44662333387159, "layer_2": NaN}}, "epoch_31": {"loss": 254.62283954231515, "test_accuracy": 0.4, "weight_angles": {"layer_1": 4.931933314528787, "layer_0": 29.63425442866063, "layer_3": 44.1753726004126, "layer_2": 21.083273665720426}, "delta_angles": {"layer_1": NaN, "layer_3": 70.35796034102955, "layer_2": NaN}}, "epoch_30": {"loss": 253.8794436886241,