{"epoch_1": {"loss": 192.59390376835813, "test_accuracy": 0.43, "weight_angles": {"layer_1": 45.68172096908573, "layer_0": 80.50489786401013, "layer_3": 60.90476313280689, "layer_2": 24.13785429613747}, "delta_angles": {"layer_1": 28.480303865700762, "layer_3": 63.872266578024494, "layer_2": 1.7259688421368435}}, "epoch_0": {"loss": 198.77403297930317, "test_accuracy": 0.24, "weight_angles": {"layer_1": 53.73530423730085, "layer_0": 82.57306095032651, "layer_3": 63.876601828426764, "layer_2": 49.959726055119845}, "delta_angles": {"layer_1": 31.287540413816192, "layer_3": 54.79763620714309, "layer_2": 0.2624138005681862}}, "epoch_3": {"loss": 191.2589287647596, "test_accuracy": 0.29, "weight_angles": {"layer_1": 36.54684996267447, "layer_0": 77.18040141701105, "layer_3": 56.89901581274446, "layer_2": 14.97516017649356}, "delta_angles": {"layer_1": 44.18259475258497, "layer_3": 72.9885723990016, "layer_2": 0.0007439906219978561}}, "epoch_2": {"loss": 191.9137244142369, "test_accuracy": 0.29, "weight_angles": {"layer_1": 40.76640480335039, "layer_0": 78.64045627792765, "layer_3": 60.07595381449384, "layer_2": 16.554856630301792}, "delta_angles": {"layer_1": 31.402367823220338, "layer_3": 70.47191083415426, "layer_2": 2.6610647547195136}}, "epoch_5": {"loss": 191.67004577029638, "test_accuracy": 0.27, "weight_angles": {"layer_1": 30.087636224848808, "layer_0": 75.13478425809282, "layer_3": 53.629476668528376, "layer_2": 13.409132149999367}, "delta_angles": {"layer_1": 33.44868658010539, "layer_3": 34.26638746474282, "layer_2": 0.0}}, "epoch_4": {"loss": 191.13708738730227, "test_accuracy": 0.96, "weight_angles": {"layer_1": 33.24743348085748, "layer_0": 76.03264259335828, "layer_3": 55.5313900257197, "layer_2": 13.682117938584407}, "delta_angles": {"layer_1": 27.348578794978458, "layer_3": 70.94791825485761, "layer_2": 6.651993868829749}}, "epoch_6": {"loss": 195.11987629807976, "test_accuracy": 0.16, "weight_angles": {"layer_1": 29.383260003857874, "layer_0": 73.80191067493497, "layer_3": 51.46425473559252, "layer_2": 12.828146445756433}, "delta_angles": {"layer_1": 40.568629115915016, "layer_3": 17.486711347964064, "layer_2": 0.0}}}