{"epoch_0": {"loss": 198.77403297930317, "test_accuracy": 0.24, "weight_angles": {"layer_1": 53.73530423730085, "layer_0": 82.57306095032651, "layer_3": 63.876601828426764, "layer_2": 49.959726055119845}, "delta_angles": {"layer_1": 31.287540413816192, "layer_3": 54.79763620714309, "layer_2": 0.2624138005681862}}}